,10X_P7_4_AAACCTGCACGACGAA,10X_P7_4_AAACCTGGTTCCACGG,10X_P7_4_AAACCTGTCTCGATGA,10X_P7_4_AAAGCAAAGTGAATTG,10X_P7_4_AAATGCCAGTCCATAC,10X_P7_4_AAGACCTAGTCCCACG,10X_P7_4_AAGACCTCAGGGTTAG,10X_P7_4_AAGACCTTCTCAAACG,10X_P7_4_AAGGCAGGTCACCTAA,10X_P7_4_AAGGTTCCAGCTATTG,10X_P7_4_AATCCAGCATGATCCA,10X_P7_4_ACACCAAAGAAGCCCA,10X_P7_4_ACACCAACATCTCGCT,10X_P7_4_ACACCCTCAGTCGATT,10X_P7_4_ACACCCTTCGAGCCCA,10X_P7_4_ACACCGGTCTAACTGG,10X_P7_4_ACACTGACATGCCACG,10X_P7_4_ACACTGATCAACACGT,10X_P7_4_ACATCAGAGAGCCCAA,10X_P7_4_ACATCAGCAGATCCAT,10X_P7_4_ACATCAGTCTCTTGAT,10X_P7_4_ACATGGTAGCTAAGAT,10X_P7_4_ACATGGTTCCACGTGG,10X_P7_4_ACCCACTAGATATACG,10X_P7_4_ACCGTAAAGGATGGTC,10X_P7_4_ACCGTAACAACTTGAC,10X_P7_4_ACGATGTCATACGCTA,10X_P7_4_ACGATGTTCTACGAGT,10X_P7_4_ACGCCGAAGCCCAACC,10X_P7_4_ACGGAGAGTCACACGC,10X_P7_4_ACGGCCACAACTGCTA,10X_P7_4_ACGGGCTAGTAGATGT,10X_P7_4_ACGGGCTGTTTGTTTC,10X_P7_4_ACGGGTCGTTGTACAC,10X_P7_4_ACGTCAATCGCGCCAA,10X_P7_4_ACTGAGTCACTGCCAG,10X_P7_4_ACTGAGTTCGACCAGC,10X_P7_4_ACTGATGAGCTCTCGG,10X_P7_4_ACTGATGTCGGTTAAC,10X_P7_4_ACTGCTCAGACCCACC
Ptprm,-0.496353368178595,-0.496353368178595,1.9538974268592,-0.496353368178595,-0.496353368178595,0.7211501938413409,-0.496353368178595,1.5145373840670402,-0.496353368178595,2.6117079282640003,-0.496353368178595,-0.496353368178595,-0.496353368178595,-0.496353368178595,-0.496353368178595,-0.496353368178595,-0.496353368178595,-0.496353368178595,-0.496353368178595,-0.496353368178595,1.20892646241437,-0.496353368178595,-0.496353368178595,-0.496353368178595,-0.496353368178595,-0.496353368178595,-0.496353368178595,-0.496353368178595,-0.496353368178595,-0.496353368178595,-0.496353368178595,-0.496353368178595,2.00835111421293,-0.496353368178595,-0.496353368178595,-0.496353368178595,-0.496353368178595,1.8871149854448699,-0.496353368178595,-0.496353368178595
2610305D13Rik,-0.38795494365445704,-0.38795494365445704,4.27097679131364,-0.38795494365445704,-0.38795494365445704,-0.38795494365445704,-0.38795494365445704,2.93732994562496,-0.38795494365445704,3.09218682842883,-0.38795494365445704,-0.38795494365445704,-0.38795494365445704,-0.38795494365445704,-0.38795494365445704,1.75700378362174,-0.38795494365445704,-0.38795494365445704,-0.38795494365445704,-0.38795494365445704,-0.38795494365445704,-0.38795494365445704,-0.38795494365445704,-0.38795494365445704,-0.38795494365445704,-0.38795494365445704,1.4141978796971002,-0.38795494365445704,1.2367688927175502,-0.38795494365445704,-0.38795494365445704,-0.38795494365445704,-0.38795494365445704,-0.38795494365445704,1.36686756059196,-0.38795494365445704,-0.38795494365445704,-0.38795494365445704,1.1283758307917802,-0.38795494365445704
Tspan12,1.32238780718787,-0.600850188165021,-0.600850188165021,-0.600850188165021,-0.600850188165021,0.46917355966181606,-0.600850188165021,2.00917485045072,-0.600850188165021,-0.600850188165021,-0.600850188165021,0.514503283976114,1.8468022523994498,-0.600850188165021,-0.600850188165021,2.4580157512137797,-0.600850188165021,-0.600850188165021,0.902154467807299,-0.600850188165021,0.897864043436316,1.59450252084176,1.2447087137794999,-0.600850188165021,2.1659096558581297,-0.600850188165021,-0.600850188165021,-0.600850188165021,-0.600850188165021,-0.600850188165021,-0.600850188165021,-0.600850188165021,1.6004520182948703,-0.600850188165021,-0.600850188165021,1.3260687050487,-0.600850188165021,-0.600850188165021,1.27939828661645,-0.600850188165021
Spnb2,1.0655120498219999,0.292962283541853,0.14225297225706196,-2.00644525021386,-0.21044291445148602,-0.0518902398022146,0.473803807825167,0.835922607274165,0.00735473142655575,-2.00644525021386,1.8778519599736,0.6776512484252579,-0.0057174665835208706,0.768230626925301,1.2436494806740201,1.41844994168894,-0.619974123807505,0.540714894117132,0.49404347769055396,0.33030828447745003,1.0088148560091599,0.42912399130428097,1.3858517644831,0.7235125984831979,0.20410009885241698,0.0351826360776366,-0.191277651340594,0.239427055296196,1.0734052215899201,-2.00644525021386,0.693322524006588,0.545477042848467,1.4620402655176201,0.47206220069828003,-0.0362530011509885,0.226739115635987,0.5588382357791629,0.35433532936078205,-0.901632932026236,0.84567146415728
Atox1,-0.213565977679924,-1.5969257021943701,-1.5969257021943701,-1.5969257021943701,0.419706916889829,-1.5969257021943701,-0.315990883775384,0.28043088452009,-0.409782332754507,1.8517498767095102,0.797659185691856,-0.31643692350241104,-1.5969257021943701,-1.5969257021943701,-0.20896962491639604,1.7941101070972698,0.10030025052116301,0.649692951879174,0.0458863572491169,0.31448383719691697,1.3113644385593402,1.63378528566667,-0.269439525060744,-1.5969257021943701,0.393168162877803,-0.671782014801473,-0.0346953339608205,0.0497888399538806,-0.16393150343677898,-0.45963329509906203,0.24643150406126701,1.52696823443948,1.0754887176919201,-0.169053918520515,-0.606205298813931,0.41823324614523105,1.027593062343,-0.0901983822298675,-0.24448777283912398,1.21600889877107
Tmem100,-0.538624475084503,-0.538624475084503,-0.538624475084503,-0.538624475084503,0.427509311904719,3.5114669678309705,-0.538624475084503,-0.538624475084503,-0.538624475084503,-0.538624475084503,-0.538624475084503,-0.538624475084503,0.9755727053889641,-0.538624475084503,-0.538624475084503,-0.538624475084503,-0.538624475084503,0.7933051332462969,-0.538624475084503,1.9231801136938402,1.57224041080466,-0.538624475084503,-0.538624475084503,-0.538624475084503,-0.538624475084503,-0.538624475084503,1.9555459033615101,-0.538624475084503,1.77126715981675,-0.538624475084503,-0.538624475084503,-0.538624475084503,-0.538624475084503,-0.538624475084503,-0.538624475084503,-0.538624475084503,-0.538624475084503,-0.538624475084503,-0.538624475084503,-0.538624475084503
Rps2,-0.6832845747222529,0.334299776568072,-0.13853990151647597,0.6830544440018579,0.5383206770007161,0.34834357308375297,0.607610851893167,0.590741143872586,0.442303510071973,0.164114071800779,-1.07918763941327,0.216271007772294,1.05188404311104,0.8639722466680891,-0.387736628220341,0.366713677393168,0.5377352445820279,0.7823755601478181,1.07634224265097,0.520555817375569,0.349446456168307,0.150679577482638,-1.60918603549712,-3.90360447007704,-3.90360447007704,0.5599488690799991,0.7492157255259492,1.6882806174897,1.02596208193959,0.655660075736165,1.02026690538376,-1.10420108617704,-0.751487247497282,-0.6146755404408449,0.8329225774376079,-0.151037157732235,-0.19967461742291,-0.202904231231879,0.729640530696951,0.635745212437158
Emilin1,-0.5887260103469929,-0.5887260103469929,-0.5887260103469929,3.82471343705312,1.13489976857093,-0.5887260103469929,2.10293084643196,1.2224811286977801,-0.5887260103469929,-0.5887260103469929,-0.5887260103469929,1.7228036544462202,-0.5887260103469929,-0.5887260103469929,-0.5887260103469929,-0.5887260103469929,-0.5887260103469929,-0.5887260103469929,0.951614702635567,-0.5887260103469929,-0.5887260103469929,-0.5887260103469929,-0.5887260103469929,-0.5887260103469929,-0.5887260103469929,0.7294201268337521,0.860926459916385,-0.5887260103469929,-0.5887260103469929,1.0316899463162,1.1826092238229,-0.5887260103469929,-0.5887260103469929,2.35317721022772,1.58845084975284,2.28247553353921,1.02500228044426,-0.5887260103469929,-0.5887260103469929,1.8330772112160598
Lmna,0.400240082397601,-1.0297499670072199,-1.0297499670072199,-1.0297499670072199,-0.25433294476790497,1.09007544339001,-1.0297499670072199,0.284299268541408,-1.0297499670072199,-1.0297499670072199,-1.0297499670072199,0.293901560108576,0.18554162570777902,-1.0297499670072199,1.05573106141946,0.22204943567690802,-1.0297499670072199,0.0392540411672396,0.668438043252361,-1.0297499670072199,-1.0297499670072199,1.2873390967740101,-1.0297499670072199,-1.0297499670072199,-1.0297499670072199,-0.0734215125946316,0.0219876721042396,-1.0297499670072199,0.824164384557239,-1.0297499670072199,0.875743170990168,-1.0297499670072199,0.6069898741235289,-1.0297499670072199,-1.0297499670072199,0.402976949767413,0.73502105563268,0.5277661559028151,1.01196223816909,0.134817525901692
Dbn1,-0.409014967488886,-0.409014967488886,-0.409014967488886,-0.409014967488886,1.0641051963994101,-0.409014967488886,-0.409014967488886,-0.409014967488886,-0.409014967488886,-0.409014967488886,-0.409014967488886,-0.409014967488886,-0.409014967488886,-0.409014967488886,3.5529359134832297,-0.409014967488886,-0.409014967488886,-0.409014967488886,-0.409014967488886,-0.409014967488886,-0.409014967488886,-0.409014967488886,-0.409014967488886,-0.409014967488886,-0.409014967488886,2.4252938703895297,2.65891758414239,-0.409014967488886,-0.409014967488886,-0.409014967488886,-0.409014967488886,4.25186224004371,-0.409014967488886,-0.409014967488886,-0.409014967488886,-0.409014967488886,-0.409014967488886,-0.409014967488886,1.27215875333831,-0.409014967488886
